run_id,article_url,comment_id,comment_text,comment_created_at
20251230_002213,https://n.news.naver.com/mnews/article/001/0015818388,880829265300422817,말장난 오지네.ㅋㅋㅋ 국장하고 해외주식 운용 금액이 다른데 국장 수익화 가능하냐? ㅋㅋ,2025-12-30T00:09:39+0900
20251230_002213,https://n.news.naver.com/mnews/article/001/0015818388,880826979941613616,원화 추락한거 감안한거죠?,2025-12-29T23:34:10+0900
20251230_002213,https://n.news.naver.com/mnews/article/001/0015818388,880825904555622525,성과금 파티하고 그럼 되겠냐 그거 니들돈 아니다 국민들 혈세다,2025-12-29T23:17:29+0900
20251230_002213,https://n.news.naver.com/mnews/article/001/0015818388,880824987043233857,,2025-12-29T23:03:14+0900
20251230_002213,https://n.news.naver.com/mnews/article/001/0015818388,880818532026155018,코스피 최고점 되니...고환율이다 징징대서 이래저래 환율 내렸더니...국민연금이 고갈이니 세금을 갖다 썼니 어쩌니 해서 국민연금 수익률 역대 최고라고 하니...이제는 팔아야 수익이지 라고 하네..어쩌라고 진짜,2025-12-29T21:23:03+0900
20251230_002213,https://n.news.naver.com/mnews/article/001/0015818388,880818379621925075,하는거 보면 정권 3년차쯤에는 그 당 국회의원들 슬슬 부동산팔고 4년차에 부동산 조지는 정책쓰고 나라 버리고 튀겠네. 그보다 더 빠를수도 있고. 어떻게 이정도로 나라 미래를 조지면서까지 지지율만 신경쓰는거지? 그런데 진짜 골치아픈건 이러는데도 멍청하게 지지하는 사람들임. 교육의 중요성을 다시 느끼게 됨. 그냥 떼만 쓰고 나 몇만원 받으면 그만이야 하는데 본인들 세금 올려서 어떻게든 그 이상을 가져갈건데도 저럼. 진짜 죄다 기초생활수급자들인가 라는 생각이 들었음,2025-12-29T21:20:41+0900
20251230_002213,https://n.news.naver.com/mnews/article/001/0015818388,880801357190135973,또 배당칠라고 쑈하네,2025-12-29T16:56:27+0900
20251230_002213,https://n.news.naver.com/mnews/article/001/0015818388,880801140864712751,"그래서 내 연금 환율 총알받이로 쓴거야?
글쓴 기자 돈도 같이 들어갔어요",2025-12-29T16:53:06+0900
20251230_002213,https://n.news.naver.com/mnews/article/001/0015818388,880798174216716324,"올해 국민연금의 기금 수익률이 역대 최고치인 20%를 달성하게 됐다. 1988년 국민연금 제도 도입 이래 가장 높은 수치로, 작년 수익률 15%를 훨씬 웃돈다. 12월 잠정치 기준 국민연금 기금은 1천473조원으로, 지난해 말(1천213조원)보다 21.4%(260조원) 증가했다. 늘어난 260조원은 지난해 연금 급여 지출 44조원의 5.9배에 이른다.",2025-12-29T16:07:03+0900
20251230_002213,https://n.news.naver.com/mnews/article/001/0015818388,880797883752775892,그럼 기금고갈 연도도 뒤로 미뤄진다고 보면 되나? 하긴 올해 수익 좋았더라도 내년 내후년 말아 먹으면 도루묵이긴 하지,2025-12-29T16:02:32+0900
20251230_002213,https://n.news.naver.com/mnews/article/001/0015818388,880797865163620470,국내주식.......................투기꾼이네 ~~,2025-12-29T16:02:15+0900
20251230_002213,https://n.news.naver.com/mnews/article/001/0015818388,880797634913108230,내란견들은 나라를 걱정하는게 아니라 나라가 망하라고 저주를 퍼붓고 다니는구나,2025-12-29T15:58:41+0900
20251230_002213,https://n.news.naver.com/mnews/article/001/0015818388,880797588004012454,ㅋㅋㅋㅋㅋㅋㅋㅋㅋㅋㅋㅋ,2025-12-29T15:57:57+0900
20251230_002213,https://n.news.naver.com/mnews/article/001/0015818388,880797465932988433,그 수익 환율 막느라 다 털어 먹었냐?,2025-12-29T15:56:03+0900
20251230_002213,https://n.news.naver.com/mnews/article/001/0015818388,880797012109295626,좌파 フйんй刀│들,2025-12-29T15:49:01+0900
20251230_002213,https://n.news.naver.com/mnews/article/001/0015818388,880796464417079528,불쌍하다 불쌍해... 진짜 역대급으로 일 잘하는데 곧 있는 돈 다 뺴줘서 연금으로 뿌릴게 보이니...,2025-12-29T15:40:30+0900
20251230_002213,https://n.news.naver.com/mnews/article/001/0015818388,880796402458820862,정부 사고 칠 때마다 지지율 상승! 국민연금 박살 날 때마다 수익 역대급! 개돼지 아침점심저녁마다 배급던져주면서 조련하노 ㅋㅋ,2025-12-29T15:39:33+0900
20251230_002213,https://n.news.naver.com/mnews/article/001/0015818388,880796077383483581,응 그중에 절반은 직원성과급,2025-12-29T15:34:30+0900
20251230_002213,https://n.news.naver.com/mnews/article/001/0015818388,880795493788024998,"오늘 수출, 주가, 환율, 국민연금까지 모든 긍정적 경제 지표나와도 내란견들은 억까중 ㅎㅎㅎㅎㅎㅎ 곱버스 타서 배아프쥬 ㅎㅎㅎㅎㅎㅎㅎㅎㅎㅎㅎㅎㅎㅎ",2025-12-29T15:25:26+0900
20251230_002213,https://n.news.naver.com/mnews/article/001/0015818388,880795367371702444,기금 운영만 잘하면 이자만으로도 자금 고갈 막을 수 있는 수준이네 국민연금 화이팅!!!,2025-12-29T15:23:29+0900
20251230_002213,https://n.news.naver.com/mnews/article/001/0015818388,880794870346678653,이재명정부 잘하네~믿음이간다  화이팅,2025-12-29T15:15:46+0900
20251230_002213,https://n.news.naver.com/mnews/article/001/0015818388,880794365906125243,국민연금 흥해랏. 아자아자!,2025-12-29T15:07:56+0900
20251230_002213,https://n.news.naver.com/mnews/article/001/0015818388,880794355722355038,,2025-12-29T15:07:47+0900
20251230_002213,https://n.news.naver.com/mnews/article/001/0015818388,880793930151493697,"이재명만세  한국주식 포트 30%로 4% 늘려라... 환율 올리는 세력 움직일때마다 찍어누르면 애국에 국민후생에 물가 낮춰주는거다 1200초까지  ...내년 자사주소각하고, 조희대깜빵가고, 집단징벌 미국걸로하고, 법왜곡죄, 뇌물죄댓가성 없애고 사실적시명예훼손폐지 명예훼손사법화, 내란 자본시장교란 사면권삭제하면,,,,  부패도급감  언론자유 급증  그냥 그자체로 5,000가고 하이브 등등 주가조작 깜빵 대주주 셋만 사면 없는  무기징역 10,000간다...국민연금 배터진다 70줄거 200준다 교원 공무원연금처럼",2025-12-29T15:01:10+0900
20251230_002213,https://n.news.naver.com/mnews/article/001/0015818388,880793783568957814,연기금 고갈된다는  거짓선동으로 개돼지들  연금 적게 줄려는 수작은 이제 안부리겠지 ㅋ,2025-12-29T14:58:54+0900
20251230_002213,https://n.news.naver.com/mnews/article/001/0015818388,880793698021933322,"문제는 자기네들 성과급 받는 12월에는 이런 기사를 낸다음 성과급 받아먹고, 1월가서는 자금고갈로  수령연도 연기 타령하니까 문제다.",2025-12-29T14:57:34+0900
20251230_002213,https://n.news.naver.com/mnews/article/001/0015818388,880793624739053776,패배들 또 현실 부정하는중ㅋㅋㅋㅋㅋㅋㅋㅋ환율도 내렸고 국민연금도 수익률 높은데 도대체 왜저럼? 아 어차피 느그 6070이라 국민연금 쫀득하게 다 받으면서 왜케 못받는것 마냥 나댐?,2025-12-29T14:56:26+0900
20251230_002213,https://n.news.naver.com/mnews/article/001/0015818388,880793423127249039,"전략적 환헤지 운운하면서, 기금 거의 7조 쏟아부어서 환율 종가관리 한다고 환율 방어하는데 쓰였다면서요? 국민 전체 노후 자금을 이렇게 특정인, 정당의 지지율 유지 등에 사사롭게 이용해도 되나요? 1997년 IMF도 국민소득 1만불 사수하려고 외환보유고로 방어했다가 온 거였는데, 이건 국민 노후를 담보로 이러면 안 되는 거 아닙니까.. 국민연금도 해외자산 매각해서 더 이익 볼 수 있었던 거 못 본 건데, 이거 누가 책임지나요? 연기금 운용, 지배구조 독립성 보장하세요. 이래서 연기금 운용 신뢰하겠습니까?",2025-12-29T14:53:18+0900
20251230_002213,https://n.news.naver.com/mnews/article/001/0015818388,880793311038669030,자금 고갈 된다는 전문가 집단 머라고 말 좀 해 봐라 그래도 망하니 수급 나이 올려야 한다고 말 좀 해야지.,2025-12-29T14:51:34+0900
20251230_002213,https://n.news.naver.com/mnews/article/001/0015818388,880793187826794728,역시 경제는 이재명 정부가 최고구먼...,2025-12-29T14:49:39+0900
20251230_002213,https://n.news.naver.com/mnews/article/001/0015818388,880793162694525030,삼성이나 SK에 몰빵했나;; 국내 주식 비율보소,2025-12-29T14:49:15+0900
20251230_002213,https://n.news.naver.com/mnews/article/001/0015818388,880793162090545268,그러니까 수익률 깎고 더 걷어서 환율방어에 쓴만큼 더 착취하겠다는거잖아,2025-12-29T14:49:15+0900
20251230_002213,https://n.news.naver.com/mnews/article/001/0015818388,880793133535723861,진짜 이번정권은 대놓고 가지가지 하는구나 하..정신들좀 차려라 국민들아...,2025-12-29T14:48:48+0900
20251230_002213,https://n.news.naver.com/mnews/article/001/0015818388,880793130297721126,국민연금 엘리트들이 열심히 수익내면 뭐하노 정부가 나서서 환율때문에 다 태우는데..직원들 ㅈㄴ 현타올듯,2025-12-29T14:48:45+0900
20251230_002213,https://n.news.naver.com/mnews/article/001/0015818388,880792841528279180,설레발치다가 환율로 홀랑 날려먹을라고. . .,2025-12-29T14:44:16+0900
20251230_002213,https://n.news.naver.com/mnews/article/001/0015818388,880792628256309674,환율 방어에 녹아내리면 어쩌려구 벌써 축배를 들어?!,2025-12-29T14:40:58+0900
20251230_002213,https://n.news.naver.com/mnews/article/001/0015818388,880792418859876631,내돈 갖고 지들 맘대로라고 주절대는 것들 실제로 낸 돈 쥐꼬리 만큼 인것들이 늙어서 돈 많이 안준다고 지럴을 할 인간들,2025-12-29T14:37:43+0900
20251230_002213,https://n.news.naver.com/mnews/article/001/0015818388,880792223841517851,국내주식 78% ㄷㄷ 이게다 대재명 덕분이다. 이거야 말로 근본적인 연금 개혁 아니겠음? 물론 ㅋㅋ 이찍들은 아몰랑 그냥 나쁨이지,2025-12-29T14:34:41+0900
20251230_002213,https://n.news.naver.com/mnews/article/001/0015818388,880791699285082357,이딴 개소리하면서 우리 돈마음대로 굴리지 .. .쓰레기 정권,2025-12-29T14:26:33+0900
20251230_002213,https://n.news.naver.com/mnews/article/001/0015818388,880791690577707197,지금 그 돈 어디있냐가 중요하지. 환율 커버하는데 다 꼴아박은 거.,2025-12-29T14:26:24+0900
20251230_002213,https://n.news.naver.com/mnews/article/001/0015818388,880791356123906138,내란 옹호세력은 외환 스와프가 연장이란 것도 모르고 개ㅈㄹ함. 연장이란 말은 이전에 있던 제도의 종료를 미룬다는 뜻임. 지금까지 국민연금 외환 스와프를 해오던것을 1년 연장하는 것인데 왜 ㅈㄹ임? 윤석열을 포함해서 기존에도 계속 하던 거라구. 그러니까 뉴스좀 잘 봐라. 내란을 합법이라고 주장하는 극우 유튜브만 보니까 국민연금 외환스와프가 연장이란 것도 모르잖아. 공부좀해. 안그러면 지금처럼 세뇌가 되는거라구. 연장 연장 연장,2025-12-29T14:21:13+0900
20251230_002213,https://n.news.naver.com/mnews/article/001/0015818388,880791298578055300,내돈가지고 지들 맘대로,2025-12-29T14:20:19+0900
20251230_002213,https://n.news.naver.com/mnews/article/001/0015818388,880791027894452293,찢을 조심 ㅎ ㅐ ㄹ ㅏ~~~~~ ㄷ ㅏ 띵ㄱ ㅏ ㅊ ㅕ먹기 전에.......,2025-12-29T14:16:07+0900
20251230_002213,https://n.news.naver.com/mnews/article/001/0015818388,880790991890546942,ㅉ : 봤지? 국민연금 돈 많으니 좀 빼서 환율방어좀 하겠다.,2025-12-29T14:15:34+0900
20251230_002213,https://n.news.naver.com/mnews/article/001/0015818388,880790835879215162,"이것도 노름인가? 노름에서 잃었다는 소리는 않고 항상 수익을 봤다는 얘기만 하는 것과 같으네..
손실 봤을땐 몇% 였니 ? 과거부터 현재까지 총망라해서도 수익을 봤어 ? 작금의 상황임에도 왜 인상을하고 연급 수급시기를 늦추는지? 정년 연장 찬성이라지만 좋아서 찬성이냐 소득공백이 있으니 어쩔수 없이 연장 찬성이지 퇴직과 동시에 연금을 지급하고 조사해 봐라 그때도 연장 찬성인지..그리고 연장 후에도 현재와 같은 동일한 보수를 지급하는 전제 조건인지...",2025-12-29T14:13:08+0900
20251230_002213,https://n.news.naver.com/mnews/article/001/0015818388,880790664902607064,2찍:어? 왜 안망하지,2025-12-29T14:10:29+0900
20251230_002213,https://n.news.naver.com/mnews/article/001/0015818388,880790444164775974,한탄스럽다 개죄명정부 젊은 청춘들의 미래는 어찌할까? 개탄스럽다 대통령자격 없는 사람이 대통령하고 있으니 이나라의 운명은 어찌할까요??,2025-12-29T14:07:04+0900
20251230_002213,https://n.news.naver.com/mnews/article/001/0015818388,880790138852999291,잘하고 있다. 더 벌어 와라.,2025-12-29T14:02:19+0900
20251230_002213,https://n.news.naver.com/mnews/article/001/0015818388,880790131001262149,국민연금의 주식 비중 더 올리고 운용담당자들 연봉을 대폭 올리자! 매년 10% 이상의 수익을 계속 이어나간다면 연금 고갈의 우려는 없어진다.,2025-12-29T14:02:12+0900
20251230_002213,https://n.news.naver.com/mnews/article/001/0015818388,880790128350462012,"국민들을 바보로 아는구나, 환율방어에 가져다 쓰고 이딴 기사 올리고.",2025-12-29T14:02:10+0900
20251230_002213,https://n.news.naver.com/mnews/article/001/0015818388,880790084259938478,투자 개념을 왜곡하는 2찍 빠 ㄹ 개 이들!!!,2025-12-29T14:01:28+0900
20251230_002213,https://n.news.naver.com/mnews/article/001/0015818388,880790023945847047,"국민들 걱정할까봐 청와대랑 민주당에서 이런 눈 가리고 아웅하는 기사 올려라고 자꾸 지시를 내리는가보지? 왜 하필 지금와서 ""역대최고치""라고 자랑질들일까? 환헷지 같은 걸로 환율방어하는 개수작 안 부리면 실적이 더 좋았을 것을... 국민들의 피와 땀을 가지고 장난질치는 데 대해 일말의 미안한 마음은 드는가보지? ㅉㅉ",2025-12-29T14:00:32+0900
20251230_002213,https://n.news.naver.com/mnews/article/001/0015818388,880789155691364396,벌었으면 연금보험료를 낮춰라 안낮추면 얼마를 벌든  그게 체감이 되냐??,2025-12-29T13:47:04+0900
20251230_002213,https://n.news.naver.com/mnews/article/001/0015818388,880788894000349189,그 수익률이 청년들에게 가나? 노인들에게 가지. 그리고 환율 내린다고 손해보면서 팔아버린 해외자산들은 어쩌나?,2025-12-29T13:43:00+0900
20251230_002213,https://n.news.naver.com/mnews/article/001/0015818388,880788629876638073,익절하기 전까진 수익으로 보지 않는다.,2025-12-29T13:38:54+0900
20251230_002213,https://n.news.naver.com/mnews/article/001/0015818388,880788133724028996,모\질\이들은 하나만 본다... 종합적으로 봐라... 사이비들이 떠들어 댈 때 종합적으로 볼 눈이 필요하다는 말이다... 감정으로 받아들이지 말고... 분석... 분석...스스로 분석...,2025-12-29T13:31:12+0900
20251230_002213,https://n.news.naver.com/mnews/article/001/0015818388,880787974223036714,노인들만 없어도 참 살기좋은나라인데. 건강보험 이번기회에 미국처럼 선진화해서 60세 이상은 건강보험 적용에서 제외하자!!,2025-12-29T13:28:43+0900
20251230_002213,https://n.news.naver.com/mnews/article/001/0015818388,880787762880446628,재명이가 얼마나 말아먹었는지 계산서 내고 국민과 국회 동의도 없이 사용한 내역은 모두 총살시켜야 한다,2025-12-29T13:25:27+0900
20251230_002213,https://n.news.naver.com/mnews/article/001/0015818388,880787752277246052,여기 연금 내지도 않는 내란견들 이악물고 부정중 ㅋㅋ,2025-12-29T13:25:17+0900
20251230_002213,https://n.news.naver.com/mnews/article/001/0015818388,880787728218718555,언론은 이미 뒤진 지 오래임,2025-12-29T13:24:54+0900
20251230_002213,https://n.news.naver.com/mnews/article/001/0015818388,880787621045862495,나라 망한다니까... 곧 망할거임... 2찍찍~~,2025-12-29T13:23:14+0900
20251230_002213,https://n.news.naver.com/mnews/article/001/0015818388,880787595259281736,연금은 안전하니 안심하세요..라는 의도가 뻔히 보이는 민심달래기용 선동기사구만 끝까지 국민을 개돼지로 보네 달러나 사러 가야겠다 1~2월 중에 연금 바닥나면 뭐라고 변명할지 기대된다,2025-12-29T13:22:50+0900
20251230_002213,https://n.news.naver.com/mnews/article/001/0015818388,880787544927633444,,2025-12-29T13:22:04+0900
20251230_002213,https://n.news.naver.com/mnews/article/001/0015818388,880787309341966473,연금 직원을 다 자르고 민간에 위탁해라. 연금이라고 이름붙여놓고 나라에서 지들 맘대로 필요할 때 정책적판단으로 가따 쓰면서 직원들 배나 불리는 국민연금이다.,2025-12-29T13:18:24+0900
20251230_002213,https://n.news.naver.com/mnews/article/001/0015818388,880787277935018335,,2025-12-29T13:17:55+0900
20251230_002213,https://n.news.naver.com/mnews/article/001/0015818388,880787188327907522,국민연금을 환율방어에 같아넣고 있는데~나중에 달러 얼마나 남을란지???,2025-12-29T13:16:31+0900
20251230_002213,https://n.news.naver.com/mnews/article/001/0015818388,880787113904177291,와 대박이네,2025-12-29T13:15:22+0900
20251230_002213,https://n.news.naver.com/mnews/article/001/0015818388,880786966616997927,빌드업하고앉았네 국민연금 건들생각말아라,2025-12-29T13:13:05+0900
20251230_002213,https://n.news.naver.com/mnews/article/001/0015818388,880786945343488280,1년 동안 국내 증시만 40% 올랐고 금 값이 42% 올랐는데 개미들 보다 투자 못 하는 거 아니냐?,2025-12-29T13:12:45+0900
20251230_002213,https://n.news.naver.com/mnews/article/001/0015818388,880786927727411392,실현을 해라.,2025-12-29T13:12:29+0900
20251230_002213,https://n.news.naver.com/mnews/article/001/0015818388,880786853303681153,돈없다더니 ㅋㅋ,2025-12-29T13:11:19+0900
20251230_002213,https://n.news.naver.com/mnews/article/001/0015818388,880786846357913669,번돈 까먹지말고 직원 잔치하지말고 국민들에게 잘 지급해주세유~~^.^,2025-12-29T13:11:13+0900
20251230_002213,https://n.news.naver.com/mnews/article/001/0015818388,880786724756652168,환 강제 헷지로 수익률 줄어듬ㅋㅋ,2025-12-29T13:09:20+0900
20251230_002213,https://n.news.naver.com/mnews/article/001/0015818388,880786718381310043,저걸 환율 방어한답시고 다 쏟아 부을판임 ..ㅡㅡ미래세대는 개나줘버림,2025-12-29T13:09:14+0900
20251230_002213,https://n.news.naver.com/mnews/article/001/0015818388,880786639712944136,기분 좋다고 성과급 잔치 하시겠지!!,2025-12-29T13:08:00+0900
20251230_002213,https://n.news.naver.com/mnews/article/001/0015818388,880786634763665783,돈좀벌었으니 환율방어 써도된다. 이말이지?,2025-12-29T13:07:56+0900
20251230_002213,https://n.news.naver.com/mnews/article/001/0015818388,880786633136275790,또  성과급잔치하겠네  ㅡㅡ  마이너스본건  어떻게 처리할래  ㅡㅡ 지금이라도  연금해체하고  국민들한테  돌려줘라,2025-12-29T13:07:54+0900
20251230_002213,https://n.news.naver.com/mnews/article/001/0015818388,880786614530343158,"국민속이는언론계속해외투자하지 왜 환율방어에쓰냐!!
국민은바보가아니다
미래세대가걱정이다",2025-12-29T13:07:37+0900
20251230_002213,https://n.news.naver.com/mnews/article/001/0015818388,880786555591983357,아주잘했어요,2025-12-29T13:06:42+0900
20251230_002213,https://n.news.naver.com/mnews/article/001/0015818388,880786542019215567,이왕 수익본거 국민연금 전부 환율 방어에 때려넣자! 억울한 2030만 연금 한푼 못받을 순 없다 4050도 연금 한푼 못받게 국민연금 전부 고갈시켜버려라!!,2025-12-29T13:06:30+0900
20251230_002213,https://n.news.naver.com/mnews/article/001/0015818388,880786471638794394,언론도  썩은지 오래됐지,2025-12-29T13:05:24+0900
20251230_002213,https://n.news.naver.com/mnews/article/001/0015818388,880786441020375411,그래서 사기꾼 우두머리 이단명씨가 빼먹는거냐~,2025-12-29T13:04:55+0900
20251230_002213,https://n.news.naver.com/mnews/article/001/0015818388,880786423001645301,좌파는 입만 벌리면 거짓말을 해서 도무지 믿을 수 없다.,2025-12-29T13:04:39+0900
20251230_002213,https://n.news.naver.com/mnews/article/001/0015818388,880786228453048541,그럼 뭐하냐 연금은 어차피 고갈 확정이고 내년부터 국민연금 인상한다는데. 제발 5060 욕심 좀 버리고 보장률 낮춰라.,2025-12-29T13:01:37+0900
20251230_002213,https://n.news.naver.com/mnews/article/001/0015818388,880786224929833178,역대급 대호황! 우리 정부 칭찬합니다.,2025-12-29T13:01:34+0900
20251230_002213,https://n.news.naver.com/mnews/article/001/0015818388,880786214058197157,국민연금 도 국가에서 지급보증 해준다는 조항을  연금법에 설치하라 !,2025-12-29T13:01:24+0900
20251230_002213,https://n.news.naver.com/mnews/article/001/0015818388,880786210786640019,스왑안했다면? ㅋㅋㅋ 언플 지리노,2025-12-29T13:01:21+0900
20251230_002213,https://n.news.naver.com/mnews/article/001/0015818388,880786188405833731,환율도 내려가니 2찍 극우 사이비 종자들이 게시판에서 조용하네.,2025-12-29T13:01:00+0900
20251230_002213,https://n.news.naver.com/mnews/article/001/0015818388,880786188070289413,재인이 처럼 또거짖말하네 함 두고보자,2025-12-29T13:01:00+0900
20251230_002213,https://n.news.naver.com/mnews/article/001/0015818388,880786114099544400,근데 왜 세금은 많이 가져가는지?? 잘됬다면서,2025-12-29T12:59:51+0900
20251230_002213,https://n.news.naver.com/mnews/article/001/0015818388,880786026287595701,확실한건 연금 계속오름 ㅋ,2025-12-29T12:58:29+0900
20251230_002213,https://n.news.naver.com/mnews/article/001/0015818388,880786024492433603,국민돈으로 수익냈으면 국민에게 돌려줘야지 왜 대통령이 손대냐,2025-12-29T12:58:28+0900
20251230_002213,https://n.news.naver.com/mnews/article/001/0015818388,880785990501794164,"해외 투자는  환차익만 해도 20%이상 났겠다 ㅋㅋ
올해는 눈감고 아무거나 투자 해도 50%는 나야 정상 인거지 ㅋㅋ",2025-12-29T12:57:56+0900
20251230_002213,https://n.news.naver.com/mnews/article/001/0015818388,880785986525593939,환율조작과 주가조작에 사용한 국민연금 밝혀라..  주가조작으로 이룬 성과는 성과급 잔치로 털어먹지 못하게 해라.. 어차피 내년에 .. 국민연금 박살난다..  내년 손실에 대비해서..올해 성과는 모두 준비금으로 적립하라.. 내년에 엄청난 손실난다고... 너거들 월급 반납하고 할거 아니잖아.,2025-12-29T12:57:52+0900
20251230_002213,https://n.news.naver.com/mnews/article/001/0015818388,880785941663318069,다필요없고 국민연금 도 나라에서 지급보조 조항에 도장 찍어라 그래야 국민들이 아니 연금가입자들이 이해할것아니냐,2025-12-29T12:57:10+0900
20251230_002213,https://n.news.naver.com/mnews/article/001/0015818388,880785936898588711,기존보장가능햇수 + 30년은 걱정없을만큼 벌었다더라.,2025-12-29T12:57:06+0900
20251230_002213,https://n.news.naver.com/mnews/article/001/0015818388,880785902522073334,국민돈으로 수익 올리는데 왜 국민들한테는 혜택이 없을까? 해마다 연금 상승하고 연금수령나이 늘어나고... 이건 국민이 어떻게 받아 들여아함? 아무것두 혜택 주질 않을거면 자랑하질 말던가,2025-12-29T12:56:34+0900
20251230_002213,https://n.news.naver.com/mnews/article/001/0015818388,880785872893509680,수익난건 지들 성과금잔치하고~손해본건 보험료 ㅊ올려 땜빵하고~폐지해라! 폐지~!,2025-12-29T12:56:06+0900
20251230_002213,https://n.news.naver.com/mnews/article/001/0015818388,880785871618441253,이제 그 돈 전부 환율방어에 쓸 예정 ㅋㅋ,2025-12-29T12:56:05+0900
20251230_002213,https://n.news.naver.com/mnews/article/001/0015818388,880785846351954194,국민연금 건들지마라,2025-12-29T12:55:42+0900
20251230_002213,https://n.news.naver.com/mnews/article/001/0015818388,880785838013677784,ㅋㅋㅋㅋ국민연금이 어딜 투자 했는지 봐라 ㅋㅋ저거 절대 못판다 ㅋㅋㅋㅋㅋ이재명 정부 유일한 업적이 코스피4천인데 국민연금이 매도 하는순간 2천피로 돌아가거든 ㅋㅋㅋㅋㅋㅋㅋㅋㅋ,2025-12-29T12:55:34+0900
20251230_002213,https://n.news.naver.com/mnews/article/001/0015818388,880785819642626167,성과급 잔치 하기만 해봐!,2025-12-29T12:55:17+0900
20251230_002213,https://n.news.naver.com/mnews/article/001/0015818388,880785781239578888,미리 밑밥치는거 보니. 뭔가 있구만.,2025-12-29T12:54:41+0900
20251230_002213,https://n.news.naver.com/mnews/article/001/0015818388,880785776458072293,,2025-12-29T12:54:37+0900
20251230_002213,https://n.news.naver.com/mnews/article/001/0015818388,880785769008988341,좌파의 가장 소름돋고 무서운점은 가난한척 하는 부자이면서 남을 위하는 척 하며 뒤에서는 성적인 착취를 행하는 위선자들 뿐이다. 그점이 북한과 닮아있다. 좌파는 언제나 페미니스트에 가깝다고 하지만 조만대장경의 저자처럼 세살부터의 습관처럼 서슴치않고 여성을 성적 도구라고 생각하고 하는거라 아무렇지가 않구나. 말은 가난한자를 대변하고 행동은 약자를 위한다고 하지만 안보이는곳에서서 말로는 가난한 사람을 멸시하고 행동으로는 여성을 성적으로밖에 부리지 않는구나. 이점은 중국과 닮아있다. 멍청해지고싶은가? 좌파에게 투표하라. cWwW,2025-12-29T12:54:30+0900
20251230_002213,https://n.news.naver.com/mnews/article/001/0015818388,880785768388231381,국민연금 5년 앞당겨 받고 30% 감액되어 받고있는데 유용하게 잘 쓰고있네요 기금 바닥안나게 잘운용해서 차후에 받는분들도 혜태받았음 좋겠네요,2025-12-29T12:54:29+0900
20251230_002213,https://n.news.naver.com/mnews/article/001/0015818388,880785765049565342,돈벌어서 환율조작에 다 퍼붇냐?  언제까지 😱😱😱들이붇나 보자   😱😱😱😱😱미루시스템 전세계 부정선거조작회사  😭😭😭 트통이 발표해도 한국 공산당언론들  입꾹닫,2025-12-29T12:54:26+0900
20251230_002213,https://n.news.naver.com/mnews/article/001/0015818388,880785754295369847,,2025-12-29T12:54:16+0900
20251230_002213,https://n.news.naver.com/mnews/article/001/0015818388,880785675425677321,응 알았으니까 환율방어한다고 국민연금 얼마사용했는지나 밝혀라. 국민연금은 국가가 맘대로 쓸수있는 짬짬이 돈이 아니다. 그렇게 막 쓸거같으면 연금 지급보장한다고 명문화  해놓 쓰던가.,2025-12-29T12:53:02+0900
20251230_002213,https://n.news.naver.com/mnews/article/001/0015818388,880785659487322402,환율 방어에 사용할 텐데~ 내년엔 30% 걈소~,2025-12-29T12:52:48+0900
20251230_002213,https://n.news.naver.com/mnews/article/001/0015818388,880785619473662036,이 대통령님 감사합니다.........................ㅠ,2025-12-29T12:52:10+0900
20251230_002213,https://n.news.naver.com/mnews/article/001/0015818388,880785539345678677,ㅋㅋㅋㅋㅋ 누가 믿냐?  환율조작단들아,2025-12-29T12:50:56+0900
20251230_002213,https://n.news.naver.com/mnews/article/001/0015818388,880785326224703678,주식 팔아야 수익아님..? 개미들 안달려들텐데,2025-12-29T12:47:37+0900
20251230_002213,https://n.news.naver.com/mnews/article/001/0015818388,880785325671055591,"국민연금이 얼마를 벌었건간에, 그게 환율잡는데 국민연금을 과도하게 쓰는것에대한 정당화는 될 수 없음.",2025-12-29T12:47:37+0900
20251230_002213,https://n.news.naver.com/mnews/article/001/0015818388,880785239486496872,으응 민주당 안동댐 김현지 채무면제 강남아파트 지자식은 미국유학들의 환율방어 ㅡ 어떻게 박정희의 서울대를 나와서 화염병 던지고 간첩질 북한찬양 공산당추종 할 수가 있는지 ㅡ 이런놈들이 어떻게 사형 안 당하고 정치최고 권력을 누릴수가 있는지 ㅡ 국민의힘 니네가 대답 해봐라 ㅡ 주4일반대하고 훈계나 하지말고,2025-12-29T12:46:16+0900
20251230_002213,https://n.news.naver.com/mnews/article/001/0015818388,880785137866899694,계속 수익 내줘라. 내 연금 늘게.,2025-12-29T12:44:42+0900
20251230_002213,https://n.news.naver.com/mnews/article/001/0015818388,880785131810324692,하이닉스 삼전이 2배 이상 올랐는데.. 머 자랑할 것도 아닌 당연한 거 ..,2025-12-29T12:44:36+0900
20251230_002213,https://n.news.naver.com/mnews/article/001/0015818388,880785095521206291,"보자보자 하니 참... 국민연금 해외자산 매각(최대 10%)의 발단 = 레고랜드 사태, 일명 내란환율로 환율 폭등당시인 2025년 1월 최초 해외 자산 매각 참고하시고 리박견들의 거짓 선동에 넘어가지 마시길",2025-12-29T12:44:02+0900
20251230_002213,https://n.news.naver.com/mnews/article/001/0015818388,880785094380355593,현정부 역대급 최고 입니다,2025-12-29T12:44:01+0900
20251230_002213,https://n.news.naver.com/mnews/article/001/0015818388,880785089884062021,어 환율 오른 효과도 큰데 앞으로는 그 수익률 일장부분 포기 환헷지,2025-12-29T12:43:57+0900
20251230_002213,https://n.news.naver.com/mnews/article/001/0015818388,880785066765058272,"[ *** 국민연금 지급 연령 60세로 앞당겨라 *** ] 국민연금 주식투자로 고갈 시기가 33년이나 미뤄졌다고 했는데, 왜 지급 시기는 변경되지 않는건가??? 연금 지급 시기를 미룬 이유가 고갈 우려 때문이었다. 60세부터 지급하라!!!",2025-12-29T12:43:36+0900
20251230_002213,https://n.news.naver.com/mnews/article/001/0015818388,880785018648002856,죽어야 강제징수 안당하는 국민연금~~나중에 돌려준다며 당장 먹을것도 부족한 국민들거 뺏어감~~이거 뭐 조선말기 나라 망하기 직전 상황이랑 비슷하다~~이 나라 또한번 망하겟구만,2025-12-29T12:42:51+0900
20251230_002213,https://n.news.naver.com/mnews/article/001/0015818388,880785008950771950,,2025-12-29T12:42:42+0900
20251230_002213,https://n.news.naver.com/mnews/article/001/0015818388,880784969054552094,국민들돈을 지들 맘대로 환율방어에 쓰는 도둑놈 정권,2025-12-29T12:42:05+0900
20251230_002213,https://n.news.naver.com/mnews/article/001/0015818388,880784944090054881,환율 틀어막기에 소비된거 아님???,2025-12-29T12:41:41+0900
20251230_002213,https://n.news.naver.com/mnews/article/001/0015818388,880784932614439083,좌파정권의 습관적 포장질! 이런 포장 선동질은 개돼지딸들 한테나 먹히지 일반 국민들까지 바보로 보네,2025-12-29T12:41:31+0900
20251230_002213,https://n.news.naver.com/mnews/article/001/0015818388,880784902214123529,환율방어에 쓰인 원화의 규모와 현재까지 수익율 일별로 밝혀라!,2025-12-29T12:41:02+0900
20251230_002213,https://n.news.naver.com/mnews/article/001/0015818388,880784891124384028,국민연금이  이재명과 민주당의 쌈짓돈이냐 지들 맘대로 막쓰고 난리냐,2025-12-29T12:40:52+0900
20251230_002213,https://n.news.naver.com/mnews/article/001/0015818388,880784885671788809,국민연금이 원화가치를 최대한 올리면 훨씬 수익률이 높아지겠군..국내주식수익률이 국외주식의 3배라...시사하는 바가 크군..,2025-12-29T12:40:47+0900
20251230_002213,https://n.news.naver.com/mnews/article/001/0015818388,880784849483333697,그대로 환율방어에 투입ㅋㅋㅋㅋㅋㅋㅋ,2025-12-29T12:40:13+0900
20251230_002213,https://n.news.naver.com/mnews/article/001/0015818388,880784844097847347,"빨갱이스러운자들의 발표 안믿습니다. 왜인지는 스스로에게 물어들보시고...^^ 형상기억종이가 존재하는나라, 대~한민.국!!!",2025-12-29T12:40:08+0900
20251230_002213,https://n.news.naver.com/mnews/article/001/0015818388,880784812388909270,팔아야 확정된 수익이지.주식 가지고 있는걸 수익이라 말할수 있냐?,2025-12-29T12:39:39+0900
20251230_002213,https://n.news.naver.com/mnews/article/001/0015818388,880784790830186615,"미국 주식 엄청 올라서 수익율 올린거.. 재명이 명령으로 코스피 올리는데 끌어다 쓰고, 환율 방어하는데 달러 소비하고...  수익 올린거 조만간에 다 까먹을거 국민들이 다 알고 있다..   국민의 노후자금에 손을 대는 찢정권..  국민의 미래를 끌어다가 현재 자기 지지율을 위해 소비해버리는 최악의 정권.",2025-12-29T12:39:19+0900
20251230_002213,https://n.news.naver.com/mnews/article/001/0015818388,880784776905097258,국민 돈 강제로 걷어다가 주식하고 잇어 ㅎㅎㅎ 국민연금 폐지하셔 싫다는데 강제로 뭐하는 짓이야 먹고 주굴 돈도 없는데 더 살기 힘들게 이리저리 돈 뜯어가니 자살하는 사람들이 늘어나지,2025-12-29T12:39:06+0900
20251230_002213,https://n.news.naver.com/mnews/article/001/0015818388,880784775344816153,,2025-12-29T12:39:04+0900
20251230_002213,https://n.news.naver.com/mnews/article/001/0015818388,880784748585156817,이재명 집권후 주식시장 활성화되니까 국민연금도 덩달아 좋아지는구나,2025-12-29T12:38:39+0900
20251230_002213,https://n.news.naver.com/mnews/article/001/0015818388,880784739575791812,이 정권에서 이용만 안하면 잘 나갈듯,2025-12-29T12:38:31+0900
20251230_002213,https://n.news.naver.com/mnews/article/001/0015818388,880784736438452407,댓글 수준 난리났네,2025-12-29T12:38:28+0900
20251230_002213,https://n.news.naver.com/mnews/article/001/0015818388,880784640590217568,팔아야 수익이지 ㅋㅋㅋㅋㅋㅋㅋㅋ팔지도 못함,2025-12-29T12:36:59+0900
20251230_002213,https://n.news.naver.com/mnews/article/001/0015818388,880784637419323716,환율방어에 7조가 들어 가  곧 적자로 간다,2025-12-29T12:36:56+0900
20251230_002213,https://n.news.naver.com/mnews/article/001/0015818388,880784542158291101,그렇게  수익률이 좋은데 왜  보험료를  올리나? 보험료 낮추면 되겠네~,2025-12-29T12:35:27+0900
20251230_002213,https://n.news.naver.com/mnews/article/001/0015818388,880784502329180485,연금때문에 나라 망했다던 쿠팡견들 긁히겠쥬?,2025-12-29T12:34:50+0900
20251230_002213,https://n.news.naver.com/mnews/article/001/0015818388,880784452836392992,,2025-12-29T12:34:04+0900
20251230_002213,https://n.news.naver.com/mnews/article/001/0015818388,880784180860944693,"이번에 환율 방어 한다고, 국민 연금 해외자산 팔아서 7.5조 퍼부었다면서 수익률 자랑..? 
돈 가치 자체가 떨어지는데 수익률이 유의미하냐?? ㅉㅉ",2025-12-29T12:29:51+0900
20251230_002213,https://n.news.naver.com/mnews/article/001/0015818388,880784136166441025,법카 쓰던 버릇 어디 가겠음?,2025-12-29T12:29:09+0900
20251230_002213,https://n.news.naver.com/mnews/article/001/0015818388,880783927776641388,무능 범죄자가 빚 잔치 벌여 놓고 뒤처리는 국민의 미래를 희생해 환율 조작. 미래는 나몰라라 하고 일단 남의 거 다 털어먹고 보는 좌파 습성 어디 안 감.,2025-12-29T12:25:55+0900
20251230_002213,https://n.news.naver.com/mnews/article/001/0015818388,880783843840229615,연금식구 돈잔치. 가입자엔 돈없다하겠지,2025-12-29T12:24:37+0900
20251230_002213,https://n.news.naver.com/mnews/article/001/0015818388,880783782922158308,"수익률이 대체로 국내 주식투자 80%에 기인한 수익이네,,, 
현재보유주식으로 평가된 상황이라면 별 의미 없음,,,
항시 오르내리는 주가를 기준으로 평가한다는게 맞는건지,,
특히 현재 우리나라 실물경재와 동떨어진 뻥주식을 믿어야 하는가?",2025-12-29T12:23:40+0900
20251230_002213,https://n.news.naver.com/mnews/article/001/0015818388,880783389546774737,외환 스와프 정당화 포석이구만.,2025-12-29T12:17:34+0900
20251230_002213,https://n.news.naver.com/mnews/article/001/0015818388,880783179361812603,찢이 대통령이 되어서 다행이다 그나마,2025-12-29T12:14:18+0900
20251230_002213,https://n.news.naver.com/mnews/article/028/0002783802,880829587137757327,주기는 함?,2025-12-30T00:14:38+0900
20251230_002213,https://n.news.naver.com/mnews/article/028/0002783802,880829102242660384,선생님들 국민연금 낸만큼만 받게금 해주소. 우리 아들딸들 어찌 하라고 이러오.,2025-12-30T00:07:07+0900
20251230_002213,https://n.news.naver.com/mnews/article/028/0002783802,880828377617924286,군 크레딧.. 이미 다녀온 사람들은...,2025-12-29T23:55:52+0900
20251230_002213,https://n.news.naver.com/mnews/article/028/0002783802,880827672270209248,지금 받는 공뭔연금 반으로줄여라.,2025-12-29T23:44:55+0900
20251230_002213,https://n.news.naver.com/mnews/article/028/0002783802,880827462924107926,국민이낸 세금갖고 주식해서 다날린것들이. 다날린건 왜 아무기사도 안쓰는거냐대체,2025-12-29T23:41:40+0900
20251230_002213,https://n.news.naver.com/mnews/article/028/0002783802,880824095904628853,이번에 환율 방어하면서 얼마 녹이셨나요🤔?,2025-12-29T22:49:24+0900
20251230_002213,https://n.news.naver.com/mnews/article/028/0002783802,880822306916532394,그냥 연금받기전에 생을 마감 할란다 ... 니들끼리 알아서 해라 ... 연금고갈 시간문제고 ... 세계에서 가장 심각한 인구구조 ... 정치인들은 더이상 모른척할 시기가 아니다 ... 일본처럼 공적연금 국민연금 통합해 후세들에 최대한 기금을 남기려는 시도를 해야한다 ... !!!!,2025-12-29T22:21:38+0900
20251230_002213,https://n.news.naver.com/mnews/article/028/0002783802,880822301933699219,안내고 안받기,2025-12-29T22:21:34+0900
20251230_002213,https://n.news.naver.com/mnews/article/028/0002783802,880822300927066292,,2025-12-29T22:21:33+0900
20251230_002213,https://n.news.naver.com/mnews/article/028/0002783802,880821939763937556,폰지사기래두 ㅎㅎㅎ,2025-12-29T22:15:56+0900
20251230_002213,https://n.news.naver.com/mnews/article/028/0002783802,880820105427026035,이돈으로 환율방어한다는데 님들 적게내던 많이내던 받는사람이던 받을 예정인 사람이던 싹다 날라갈수있음 ㅋㅋㅋ,2025-12-29T21:47:28+0900
20251230_002213,https://n.news.naver.com/mnews/article/028/0002783802,880820072107475190,두 느므식기 사형시키면 유족 연금안간다,2025-12-29T21:46:57+0900
20251230_002213,https://n.news.naver.com/mnews/article/028/0002783802,880818934343794770,속는 놈 없죠?,2025-12-29T21:29:17+0900
20251230_002213,https://n.news.naver.com/mnews/article/028/0002783802,880818473356230687,퇴직금도 연금으로 바꿔서 환율 막을 계획이 처음부터?,2025-12-29T21:22:08+0900
20251230_002213,https://n.news.naver.com/mnews/article/028/0002783802,880818135026893062,국민연금이고 이재명지R이고 뭐고간에 국민들 삥뜯지는 마라.,2025-12-29T21:16:53+0900
20251230_002213,https://n.news.naver.com/mnews/article/028/0002783802,880817038501609700,"뻔뻔한 기득권 아닌가. 정부 지원금으로. 주면 일반 국민의 50%는 덜받아도. 감지 덕지지. 오이려 두.세배 더주는. 이런 개같은 정책이 어디 있는가 .
그리고 매번 국민연금. 고갈이라는. 프레임 내우면서. 공무원 연금은 특권이냐 판새.검새.교육.정치.짭새. 등등. 온같. 비리 집단들 왜. 국민 세금으로 연금을 주는건대",2025-12-29T20:59:52+0900
20251230_002213,https://n.news.naver.com/mnews/article/028/0002783802,880816822679502985,"공무원 연금 매년 수조원. 지원 이거부터 끊어라.
 국민이 봉이냐. 공믄원 연금 지들이 방만하게 운영하고 도둑질. 해서 오링나니까. 국민세금으로. 매년 수조원 지원해서 일반 국민보다 두배배 더주는 이런 개같은. 경우가 어디있는가 온같 비리 특혜 권력 누린 저런것들. 연금 까지 국민. 세금으로 줘야 하는가?",2025-12-29T20:56:31+0900
20251230_002213,https://n.news.naver.com/mnews/article/028/0002783802,880815634265407512,이걸로 환율방어하고 이게 세금이지 머냐,2025-12-29T20:38:04+0900
20251230_002213,https://n.news.naver.com/mnews/article/028/0002783802,880815521354743880,"그래도 조기연금수령자가 너무많다, 왜? 이재명이가 국민연금을 탐내거던.",2025-12-29T20:36:19+0900
20251230_002213,https://n.news.naver.com/mnews/article/028/0002783802,880815425372291303,개소리 좀 그만해라. 애초에 국민연금을 국민들이 요구해서 만들었나? 왜 니들 맘대로 연금을 주네 마네 하고 있나? 우리가 정년얀장 해달라 간청했나? 흰소리 그만하고 61세부터 극민연금 지급해라. 정년연장 필요없다.,2025-12-29T20:34:49+0900
20251230_002213,https://n.news.naver.com/mnews/article/028/0002783802,880815192554864692,안내고 안받은다고,2025-12-29T20:31:12+0900
20251230_002213,https://n.news.naver.com/mnews/article/028/0002783802,880814436774838475,ㅅㅣㅇㅣㅂㅏ~~ㄹ,2025-12-29T20:19:29+0900
20251230_002213,https://n.news.naver.com/mnews/article/028/0002783802,880813588149698661,수작질좀고만해라,2025-12-29T20:06:18+0900
20251230_002213,https://n.news.naver.com/mnews/article/028/0002783802,880813478711918752,진짜 이재명이 때문에 나라 망했다 ㅠ 홍대 연대거리 이런 번화가에도 사람들이 없고 식당 사장님들도 이런 경우는 처음이라고 10년 이상 장사했지만 가장 최악이라던데ㅠ 진짜 이재명이가 6개월만에 나라를 완전히 찢어버렸다...이재명이 무능 너무 무섭다 진짜 26년 너무 무섭다 ㅠ,2025-12-29T20:04:36+0900
20251230_002213,https://n.news.naver.com/mnews/article/028/0002783802,880813356137578734,저거 받겠단놈들도 도둑놈이고 어차피.. 전부 사기나 당할듯,2025-12-29T20:02:42+0900
20251230_002213,https://n.news.naver.com/mnews/article/028/0002783802,880812985612763428,대국민 폰지사기 국민연금,2025-12-29T19:56:57+0900
20251230_002213,https://n.news.naver.com/mnews/article/028/0002783802,880812713385656545,지._.랄.,2025-12-29T19:52:43+0900
20251230_002213,https://n.news.naver.com/mnews/article/028/0002783802,880811989381677183,"1988년 시작부터 가입하고
올해부터 받기시작했는데
퇴직후 많은 도움이 됩니다.",2025-12-29T19:41:29+0900
20251230_002213,https://n.news.naver.com/mnews/article/028/0002783802,880811710712119347,"구간제  소득인정 턱걸이 하는 이들은 매우 불편 불이익이다 우리나라는 왜 구간제 소득을 만들었나 의도가 불순하다
그냥 전체 소득금액에 따라 세금이든 혜택이든 주어야 되지 왜 않을까 1천원만 많아도 세금이든 국가적 혜택이든 차이가 너무 억울하게 많이남",2025-12-29T19:37:10+0900
20251230_002213,https://n.news.naver.com/mnews/article/028/0002783802,880811598002782318,조선인전용 야바위. 조선인은 월래 그러케 사는거다.,2025-12-29T19:35:25+0900
20251230_002213,https://n.news.naver.com/mnews/article/028/0002783802,880811519015649340,국민연금 당장 돈이 나가서 아까울지 모르나 받을 나이가 되어봐라 아이구 대한민국 좋은나라라고 떠들고 다닐걸 니놈들이 낸돈보다 몇십배 많이 받을거다 정년퇴직하고 일못할때를 생각해서 조금이라도 많이내라 나중에 엄청나게 효자되어서 돌아온다,2025-12-29T19:34:11+0900
20251230_002213,https://n.news.naver.com/mnews/article/028/0002783802,880811417278611621,근데 출산과 군복무 크레딧은 세금으로 지원해야지 왜 가입자 동의도 없이 국민연금에서 지출을 하나요?,2025-12-29T19:32:36+0900
20251230_002213,https://n.news.naver.com/mnews/article/028/0002783802,880811268364042325,올해  세금올려서  깍여서 기분안좋은데  또 올리냐  강제 감봉 기분이다,2025-12-29T19:30:18+0900
20251230_002213,https://n.news.naver.com/mnews/article/028/0002783802,880811091515408522,내는건 30년 받는건? 몇년일지모르는게 함정,2025-12-29T19:27:33+0900
20251230_002213,https://n.news.naver.com/mnews/article/028/0002783802,880811045747163389,,2025-12-29T19:26:50+0900
20251230_002213,https://n.news.naver.com/mnews/article/028/0002783802,880809905701781547,기초수급자들 부터 검열하라  있는놈들이 더않다 이런걸해야지 않는가,2025-12-29T19:09:09+0900
20251230_002213,https://n.news.naver.com/mnews/article/028/0002783802,880809530026360908,구만원 약속 ..헐...묻지마보험이네,2025-12-29T19:03:19+0900
20251230_002213,https://n.news.naver.com/mnews/article/028/0002783802,880809314070036747,일시금으로 못받는 국민연금. 빨리 뒤지면 나라살림 좋아지겠다. 똥칠할때까지 살아야해. 내가 낸거 받지도 못하는 세상이 온거지. 감사합니다. 대통령님 국민들이 너무 좋아해요,2025-12-29T18:59:58+0900
20251230_002213,https://n.news.naver.com/mnews/article/028/0002783802,880809067965055022,,2025-12-29T18:56:08+0900
20251230_002213,https://n.news.naver.com/mnews/article/028/0002783802,880808845616611546,"환율상승 등으로, 실질구매력 개판날거 뻔한데, 9만원 더 받으면... 뭐 가계에 도움이 얼마나 될까요?? 지금 9만원과 5년, 20년뒤 9만원이 같나요?  국민 속이는 기사만 가득.",2025-12-29T18:52:41+0900
20251230_002213,https://n.news.naver.com/mnews/article/028/0002783802,880808414811258881,"국민연금 마니주삼, 곱곱곱절로",2025-12-29T18:46:00+0900
20251230_002213,https://n.news.naver.com/mnews/article/028/0002783802,880808336528769261,올해 국민연금 투자수익액은 약  260조원(수익율 20프로)국민연금 지급액은 약 45조원이다 6년치 이상을 벌었다 운용할 원금이 커지니  투자수익이 기하급수적으로 늘고있다  투자기술도 늘어 지난 10년간 손실 2번 수익 8번이다 세계경제가 발전할수록 이익은 더 커진다  연금 고갈타령 하지말고 돈 있으면 추가납부해라,2025-12-29T18:44:47+0900
20251230_002213,https://n.news.naver.com/mnews/article/028/0002783802,880807908843978794,,2025-12-29T18:38:09+0900
20251230_002213,https://n.news.naver.com/mnews/article/028/0002783802,880807553670316207,86세대는 자신들의 사리사욕을 위해 나라를 죽여버렸다,2025-12-29T18:32:38+0900
20251230_002213,https://n.news.naver.com/mnews/article/028/0002783802,880806822972227663,"내가 말했찌~ 국민연금은 영원히 고갈이 안된다고,, 더 내고, 수령나이 늘려버리는데, 고갈이 나면 이상한거지,,ㅋㅋ",2025-12-29T18:21:18+0900
20251230_002213,https://n.news.naver.com/mnews/article/028/0002783802,880806782572691673,,2025-12-29T18:20:40+0900
20251230_002213,https://n.news.naver.com/mnews/article/028/0002783802,880806392955404487,금리좀 올려라. 압구정 쪽 아파트 최근에 몇년사이 15억에서 100억 넘겼다.,2025-12-29T18:14:37+0900
20251230_002213,https://n.news.naver.com/mnews/article/028/0002783802,880806248587460734,내 세금으로 지들이 생색,2025-12-29T18:12:23+0900
20251230_002213,https://n.news.naver.com/mnews/article/028/0002783802,880805835079418159,어얼~공무원 연금보다 더 낫네,2025-12-29T18:05:58+0900
20251230_002213,https://n.news.naver.com/mnews/article/028/0002783802,880805409525334133,놀고있내 더받긴개뿔,2025-12-29T17:59:21+0900
20251230_002213,https://n.news.naver.com/mnews/article/028/0002783802,880805227039555768,공무원연금은?,2025-12-29T17:56:31+0900
20251230_002213,https://n.news.naver.com/mnews/article/028/0002783802,880804783248638182,물가 더 오르겠는데,2025-12-29T17:49:38+0900
20251230_002213,https://n.news.naver.com/mnews/article/028/0002783802,880804567728521312,"간단히 말하자면 조금걷고 많이 준다는 정책이잖음? 당연히 지금은 통용이 됨. 왜냐, 몇십년동안 걷어온 금액이 있고 어느정도 고갈되면서도 충당해줄 젊은사람들이 있기 때문이다. 근데 시간이 지나 그 젊은사람들도 늙어버리고 젊은 피부양자는 인구수 고갈로 인해 반의반토막이 날텐데 부양자는 미어터지면 그 돈을 자꾸 어디서 메꾸냐 이 말임. 그 때 되서 젊은 세대들 국민연금 70%씩 떼갈거냐? 말도 안되는 탁상공론 정책이었다. 지금도 늦지 않았다...",2025-12-29T17:46:17+0900
20251230_002213,https://n.news.naver.com/mnews/article/028/0002783802,880804405962604798,겠냐?,2025-12-29T17:43:47+0900
20251230_002213,https://n.news.naver.com/mnews/article/028/0002783802,880803651977740317,200조 이득이라는 조중동 기사가 떠도 ㅋㅋ 틀튜브 하나 믿고 연금고갈 헛소리 지껄이는 내란견들,2025-12-29T17:32:04+0900
20251230_002213,https://n.news.naver.com/mnews/article/028/0002783802,880803459593404459,"가뜩이나 부적한 연금액으로 어제, 오늘 환율방어에 소진함ㅋㅋ미친정부임. 환율방어로 연금 다 소진하고나면 연금고갈+환율폭등",2025-12-29T17:29:05+0900
20251230_002213,https://n.news.naver.com/mnews/article/028/0002783802,880803049273032997,말아  먹은넘들  처벌은,2025-12-29T17:22:43+0900
20251230_002213,https://n.news.naver.com/mnews/article/028/0002783802,880802934986637659,한 50프로 떼가지 그러냐 그걸로 빵꾸 매꿀수 있겠냐,2025-12-29T17:20:57+0900
20251230_002213,https://n.news.naver.com/mnews/article/028/0002783802,880802805298757986,"조금 더 내고 더 받으셔요.적금들지 말고..
적금보다 몇 배 더 많잖아요 25년전 자영업자들도 국민연금 시행하는데 다들 소득 줄이고 적게 내더니 지금 후회하고 있습니다.은행이나 보험회사에 드는거 배 이상으로 받아요.",2025-12-29T17:18:56+0900
20251230_002213,https://n.news.naver.com/mnews/article/028/0002783802,880802723761488127,더내라는소리지 받는다는 소리는 하지마숑 어차피 더 못받을꺼니깐,2025-12-29T17:17:40+0900
20251230_002213,https://n.news.naver.com/mnews/article/028/0002783802,880802526964744393,죄명이가 2030 국민연금 외환 폭등에 때려 붙고있다...,2025-12-29T17:14:37+0900
20251230_002213,https://n.news.naver.com/mnews/article/028/0002783802,880801137878368275,아무리 생각해도 국민연금 개혁하자고 해놓고 소득대체율 올린건 진짜.... 내는 놈 따로 있고 받는놈 따로 있다는 얘기 밖에 더 되냐,2025-12-29T16:53:03+0900
20251230_002213,https://n.news.naver.com/mnews/article/028/0002783802,880801134103494961,연금은 빌요하다.그 많은 국민연금을 잘좀 운영해서 불려봐라.,2025-12-29T16:52:59+0900
20251230_002213,https://n.news.naver.com/mnews/article/028/0002783802,880801131402363200,쥐꼬리만한  국민연금 받는다고 기초연금을 깎아주는  악법을 그만두시오. 연금은 피같은 돈을 납부한것인데... 왜 기초연금하고 연계하는거요.,2025-12-29T16:52:57+0900
20251230_002213,https://n.news.naver.com/mnews/article/028/0002783802,880800157283647807,tlvkfrotpRl sjaks wkfajrrh rnrlasemfdj wnrdjskrksek,2025-12-29T16:37:50+0900
20251230_002213,https://n.news.naver.com/mnews/article/028/0002783802,880800151663280405,"나라 자산 안팔다더니 연금 해외자산 다팔고 환율 방어 해도 방어가 안되고, 결국 연금은 소진되고, 내야할 연금은 높이지?? 니들이 좋아하는 정권이 앞으로 계속 할짓이다. 앞으론 쿠폰주고, 국가부채는 계속늘어나고 환율방어 안되고 세금은 계속 올라가고, 부동산 대출은 규제해서 월세 거지로 만들고, 미국이 부양하는 산업 외 다른 산업 다 무너지기.. 대단하다..아직도 이 정권을 지지하냐??",2025-12-29T16:37:44+0900
20251230_002213,https://n.news.naver.com/mnews/article/028/0002783802,880799770937917757,"안내고 안받고싶고,,,
여태냈던건 이자 필요없으니 원금이라도 돌려줘봐요,,",2025-12-29T16:31:50+0900
20251230_002213,https://n.news.naver.com/mnews/article/028/0002783802,880799747449815223,월급은 통장을 스칠 뿐,2025-12-29T16:31:28+0900
20251230_002213,https://n.news.naver.com/mnews/article/421/0008684217,880807227772895431,정부가 또 날리겠다,2025-12-29T18:27:35+0900
20251230_002213,https://n.news.naver.com/mnews/article/421/0008684217,880806909592994027,"윤석열이 가 망쳐놓은 주식을 이정부 들어서 4000 포인트 올리면서 연기금 수익이 늘어 연기금 고갈연도를 20년 더 연장시켰는데,,뭔 말이 많냐...모르면서...",2025-12-29T18:22:38+0900
20251230_002213,https://n.news.naver.com/mnews/article/421/0008684217,880806817402191914,연금 고갈연도를 약 20년 정도 연장 시켰다...이정부가  욕하지 마라  이 OOO아...,2025-12-29T18:21:12+0900
20251230_002213,https://n.news.naver.com/mnews/article/421/0008684217,880804612053926199,이젠 없는돈이라고. 있다고 희망고문하지 말라고ㅋㅋ,2025-12-29T17:46:59+0900
20251230_002213,https://n.news.naver.com/mnews/article/421/0008684217,880791304617853102,이득은 부풀리고 손해는 숨기고~~~ 그렇게 이익이 많으면 맨날 고갈소리가 왜나오냐??,2025-12-29T14:20:25+0900
20251230_002213,https://n.news.naver.com/mnews/article/421/0008684217,880789778897830174,근데 이 돈을 환율에 꼴아박는다고,2025-12-29T13:56:44+0900
20251230_002213,https://n.news.naver.com/mnews/article/421/0008684217,880789338563019183,한참 부족하다 국민들은 늙어가고있다,2025-12-29T13:49:54+0900
20251230_002213,https://n.news.naver.com/mnews/article/421/0008684217,880788888228987246,지금까지 해드신건? 그리고 지금 분위기에 수익이 안나는게 더 이상한것 같은데... ㅋㅋㅋ,2025-12-29T13:42:55+0900
20251230_002213,https://n.news.naver.com/mnews/article/421/0008684217,880788115722076533,이번 정부는 하도 거짓말을 해대니 믿을수가 없다,2025-12-29T13:30:55+0900
20251230_002213,https://n.news.naver.com/mnews/article/421/0008684217,880787806987747384,,2025-12-29T13:26:08+0900
20251230_002213,https://n.news.naver.com/mnews/article/015/0005230121,880825354413932796,성과급 잔치는 안하나 국민연금으로 안되서 퇴직연금 공단도 만들어서 뺏어간다던데 공산당인가,2025-12-29T23:08:56+0900
20251230_002213,https://n.news.naver.com/mnews/article/015/0005230121,880820753463771268,ㅋㅋㅋㅋㅋㅋㅋㅋㅋㅋㅋ이번 환율방어한거 채워야지ㅋㅋㅋㅋㅋㅋㅋㅋㅋ빈년만에 개거지나라 완성,2025-12-29T21:57:31+0900
20251230_002213,https://n.news.naver.com/mnews/article/015/0005230121,880812035183476793,합법적 폰지사기 다단계 국민연금 ㅉㅉ 그 끝은 RUN,2025-12-29T19:42:12+0900
20251230_002213,https://n.news.naver.com/mnews/article/015/0005230121,880811018366746756,나중엔 오리발 내밀걸~,2025-12-29T19:26:25+0900
20251230_002213,https://n.news.naver.com/mnews/article/015/0005230121,880810172979609688,"국민연금 싹다 없어져서 4050도 못 받았으면 
왜 2030만 짊어져야하냐?",2025-12-29T19:13:18+0900
20251230_002213,https://n.news.naver.com/mnews/article/015/0005230121,880810096576167974,응 못받아 사기꾼놈들아~~,2025-12-29T19:12:06+0900
20251230_002213,https://n.news.naver.com/mnews/article/015/0005230121,880810081577337080,달러 살살 녹이더니 돈 모자라서 연금 더걷나,2025-12-29T19:11:52+0900
20251230_002213,https://n.news.naver.com/mnews/article/015/0005230121,880809802370908341,이거 믿는 저능아도 있나? 저거탈때쯤엔 라면 한봉지에 만원넘어간다 ㅋㅋ,2025-12-29T19:07:32+0900
20251230_002213,https://n.news.naver.com/mnews/article/015/0005230121,880809268519895108,40년을 채울경우. 사기치냐,2025-12-29T18:59:15+0900
20251230_002213,https://n.news.naver.com/mnews/article/015/0005230121,880808726833922288,30년지나면 1달러당 5천원 시대임 인구 감소 표퓰리즘의 함정에 빠진 대한민국임 ㅋ,2025-12-29T18:50:51+0900
20251230_002213,https://n.news.naver.com/mnews/article/015/0005230121,880808272741794026,우와 40년 채우려면 20때 월급이 300만원 이게 말이되냐 이런걸 국민연금 대변하는 쓰레기기사로 국민 현혹시키고 말도 않되는 글 올리는 기자 진짜 더럽고 엽겹다,2025-12-29T18:43:48+0900
20251230_002213,https://n.news.naver.com/mnews/article/015/0005230121,880808098342633512,받을려면 최소25년이상인데 받을때 되면 또 말 바꾸겠지,2025-12-29T18:41:05+0900
20251230_002213,https://n.news.naver.com/mnews/article/015/0005230121,880807721325035592,120살까지살아야겠다,2025-12-29T18:35:14+0900
20251230_002213,https://n.news.naver.com/mnews/article/015/0005230121,880806912596115684,돈 뿌리고 세금 더 걷고 ㅋㅋㅋㅋ 그런데도 이재명이 돈준다 좋아하는 1찍들 봄 원숭이들이 따로 없음,2025-12-29T18:22:41+0900
20251230_002213,https://n.news.naver.com/mnews/article/015/0005230121,880806683905884223,대놓고 폰지사기인데 지들은 해쳐먹을수있으니 무적권 하자고 하는 머더리스한 기성서대..그러면서 어른인척 깨어있는척하는거 보면 ㅋㅋㅋ,2025-12-29T18:19:08+0900
20251230_002213,https://n.news.naver.com/mnews/article/015/0005230121,880805869640482988,환률방어. 깨지는순간 지금의 50대조차 연금 휴지된다,2025-12-29T18:06:30+0900
20251230_002213,https://n.news.naver.com/mnews/article/015/0005230121,880805747619791026,개대중이. 그렇게 많은 반대에도 밀어붙인 희대의 피라미드사기,2025-12-29T18:04:36+0900
20251230_002213,https://n.news.naver.com/mnews/article/015/0005230121,880805725876518991,진짜 강제징구 더럽게 쓰리네,2025-12-29T18:04:16+0900
20251230_002213,https://n.news.naver.com/mnews/article/015/0005230121,880805424406724818,개소리하지마라,2025-12-29T17:59:35+0900
20251230_002213,https://n.news.naver.com/mnews/article/015/0005230121,880804880539713597,내는건 9퍼센트에서 13퍼센트로 50퍼센트 가까이 올릴예정이고 받는건 10퍼센트도 안늘어난다는건데?,2025-12-29T17:51:09+0900
20251230_002213,https://n.news.naver.com/mnews/article/015/0005230121,880804556387123246,,2025-12-29T17:46:07+0900
20251230_002213,https://n.news.naver.com/mnews/article/015/0005230121,880802997179777357,민주당식이지,2025-12-29T17:21:55+0900
20251230_002213,https://n.news.naver.com/mnews/article/015/0005230121,880802710088056992,"받을때는 지금의 7700원이
30년뒤 10만원의 값어치",2025-12-29T17:17:27+0900
20251230_002213,https://n.news.naver.com/mnews/article/015/0005230121,880802261716959422,7700원 더 내도 국민연금 아예 못받는다고 사실대로 이야기해라... 국민을 상태로 국가가 사기치는 폰지인데... ㅉㅉ,2025-12-29T17:10:30+0900
20251230_002213,https://n.news.naver.com/mnews/article/015/0005230121,880801736824979554,"먼 헛소리야 
지금 쓸돈없으니 저렇게라도 말하고 뜯어가는것 밖에 안보이는데",2025-12-29T17:02:21+0900
20251230_002213,https://n.news.naver.com/mnews/article/015/0005230121,880801506121482520,월 7700원 더내고 못받는다 겠지..,2025-12-29T16:58:46+0900
20251230_002213,https://n.news.naver.com/mnews/article/015/0005230121,880800699204501558,야이 개같은 나라야. 지금까지 가져간 내 돈 원금이라도 당장 내놔. 국민연금 희망자만 다시 가입받아서 알아서 운영하던지말던지 해.,2025-12-29T16:46:14+0900
20251230_002213,https://n.news.naver.com/mnews/article/015/0005230121,880799704584028421,"40년,..남자들은 대부분 30살취업 60살 퇴직인데 대부분 중간에 명퇴고..무슨 40년?길어야 30년이다",2025-12-29T16:30:48+0900
20251230_002213,https://n.news.naver.com/mnews/article/015/0005230121,880799515404140846,강제로 뜯어가고 보험료 강제로 올리고 지들 마음대로 운용하고 아주 개판이네,2025-12-29T16:27:52+0900
20251230_002213,https://n.news.naver.com/mnews/article/015/0005230121,880799384206311698,20% 이익이 낫는데 인상하는 건 뭐냐? 앞 뒤가 맞아야지? 자동차 보험 처럼 손해가 낫을 때 인상하는 거자나?,2025-12-29T16:25:50+0900
20251230_002213,https://n.news.naver.com/mnews/article/015/0005230121,880798408007221499,개돼지로 보는구만,2025-12-29T16:10:41+0900
20251230_002213,https://n.news.naver.com/mnews/article/015/0005230121,880798232869863756,국민 연금은 다 줄거다. 대신 받을때쯤 실질가치는 지금의 20%도 안될것. 인플레 시대에 제일 먼저 빠따맞는게 바로 공적연금. 물가연동제?? cpi  지수 자체가 마사지되어있다.,2025-12-29T16:07:57+0900
20251230_002213,https://n.news.naver.com/mnews/article/015/0005230121,880796966139723901,"40년 부을, 벌 자신이 없다 평생 일만 하다 죽어야하나 ㅠㅠ",2025-12-29T15:48:18+0900
20251230_002213,https://n.news.naver.com/mnews/article/015/0005230121,880796485254381938,대통령 국회의원들 연금개혁부터 해라,2025-12-29T15:40:50+0900
20251230_002213,https://n.news.naver.com/mnews/article/015/0005230121,880796397090111702,지금 먼소리하는거야? 국민연금 자금 고갈되니 마니 하는 마당에 돈을 더 내라니? 더 안받아도 되니깐 7700원 더 가져가지나 마라.,2025-12-29T15:39:28+0900
20251230_002213,https://n.news.naver.com/mnews/article/015/0005230121,880796367528656902,309만원 월급이면 공무원은 24만원 정도 기여금을 내는데 국민연금은 고작 14만원 그러면서 받는 것만 가지고 지랄들이지,2025-12-29T15:39:00+0900
20251230_002213,https://n.news.naver.com/mnews/article/015/0005230121,880796195092431025,국가주도 폰지사기 그냥 낸만큼 받게 해라,2025-12-29T15:36:20+0900
20251230_002213,https://n.news.naver.com/mnews/article/015/0005230121,880796149072527660,국민연금 수익률 좋다고 자랑질하더니 보험료는 왜 더 뜯어가냐? 환율방어한다고 돈 개같이 썼으니까 뜯어가는거 아니냐?,2025-12-29T15:35:37+0900
20251230_002213,https://n.news.naver.com/mnews/article/015/0005230121,880795917580501007,개딸들아 나라 좋아졌니??,2025-12-29T15:32:01+0900
20251230_002213,https://n.news.naver.com/mnews/article/015/0005230121,880795872063914117,먼개소리고.올리지마라.수급시기도.앞댕기라,2025-12-29T15:31:19+0900
20251230_002213,https://n.news.naver.com/mnews/article/015/0005230121,880795789503234063,한국경제 이거 간첩기사다,2025-12-29T15:30:02+0900
20251230_002213,https://n.news.naver.com/mnews/article/015/0005230121,880795618677620905,,2025-12-29T15:27:23+0900
20251230_002213,https://n.news.naver.com/mnews/article/015/0005230121,880795600591781930,대국민 폰지사기 국민연금ㅋㅋㅋ 진짜 할말이 없다 ㅉㅉ,2025-12-29T15:27:06+0900
20251230_002213,https://n.news.naver.com/mnews/article/015/0005230121,880795481087672454,월 7700원의 문제가 아니다 5년동안 계속 오르고 그리고 5년 뒤에 또 고갈 이야기 나오면 또 올리고… 결국 주는 돈은 줄이고 많이 내야 되는데 인구는 줄어 든다.. 고갈 못 막는다.. 현실적 대안인 낸돈 전부 돌려주고 사보험으로 노후 준비가 맞다고 본다. 이거 유지하면 지금 영포티 세대는 받겠지만 20대 10대는 단 한푼도 못 받는다.. 대국민 폰지 사기다.,2025-12-29T15:25:15+0900
20251230_002213,https://n.news.naver.com/mnews/article/015/0005230121,880795472397074492,이자도 필요없다.원금만 줘라.,2025-12-29T15:25:07+0900
20251230_002213,https://n.news.naver.com/mnews/article/015/0005230121,880795190137192738,2030은 안줘도된다 일도안하는데 특히 이대남들 70만이나 놀고먹으면서 불만만 많은데 뭐다러주냐? 똥물조금만 튄다고 자진해서 똥물속으로 들어가는 역대급 멍충한세대 가장 약한세대,2025-12-29T15:20:44+0900
20251230_002213,https://n.news.naver.com/mnews/article/015/0005230121,880794836406370416,지역의보좀 개편해라! 아직도 70년대 잣대로 집보증금에까지 이중부과하지 말고. 소득으로만 부과해라!,2025-12-29T15:15:14+0900
20251230_002213,https://n.news.naver.com/mnews/article/015/0005230121,880794726079398099,더 내고 못받는거겠지,2025-12-29T15:13:32+0900
20251230_002213,https://n.news.naver.com/mnews/article/015/0005230121,880794620332605834,"더받어?
언제? 죽은다음에?ㅋㅋ
에라이~깡패양아치같은 인간들아~",2025-12-29T15:11:53+0900
20251230_002213,https://n.news.naver.com/mnews/article/015/0005230121,880794584228036743,"7,700원 추가 해서 몇년? 20년? 25년?",2025-12-29T15:11:19+0900
20251230_002213,https://n.news.naver.com/mnews/article/015/0005230121,880794410315415842,월7700x12달x40년 즉 개인이 매년 92400원을 40년 내고 9200원씩 더 받는다는건데 65세부터 92000원을 40년 다받으려면 105세다 ㅋㅋㅋㅋㅋㅋㅋㅋ 사업장에서 내주는 돈까지하면 폰지사기급 계산이네,2025-12-29T15:08:37+0900
20251230_002213,https://n.news.naver.com/mnews/article/015/0005230121,880794332586574000,40년 내라고??,2025-12-29T15:07:25+0900
20251230_002213,https://n.news.naver.com/mnews/article/015/0005230121,880794276433232118,같잖은 소리하네.. 그래놓고는 적자래? ㅋㅋ,2025-12-29T15:06:33+0900
20251230_002213,https://n.news.naver.com/mnews/article/015/0005230121,880794192178053217,,2025-12-29T15:05:14+0900
20251230_002213,https://n.news.naver.com/mnews/article/015/0005230121,880794146644689143,"미치광이들의 사기행각. 
국민연금은 우리나라를 망하게 할 것이다. 국민연금이 아니라 매국 연금이다.",2025-12-29T15:04:32+0900
20251230_002213,https://n.news.naver.com/mnews/article/015/0005230121,880794030445691220,사기다  ㅡㅡㅡ 국민 연금   이재명 통치  자긍   ㅡㅡㅡ국민 연금   자금  으로  환율조작질   하고 ㅡㅡ,2025-12-29T15:02:44+0900
20251230_002213,https://n.news.naver.com/mnews/article/015/0005230121,880794010363363537,사기치네 국민 연금을 환율 방어용으로 무단사용하면서 더 줄 수 있다는게 사기 아니냐? 이래도 민주당이라면 그건 정신병,2025-12-29T15:02:25+0900
20251230_002213,https://n.news.naver.com/mnews/article/015/0005230121,880793288573976672,40년간 붇고 몇 년 기다린 후 받는 년금이 월 132만원밖에 안된다고.....인간적으로 너무 적은 거 아니냐? 혼자 살아도 부족한 금액이겠다. 결국 다른 대체 수입이 필요하단 얘기인데 참 살기 어렵네! 누구 말대로 80살까지 노가데 해야 산다고 하더니 그말이 맞는말 같군!,2025-12-29T14:51:13+0900
20251230_002213,https://n.news.naver.com/mnews/article/015/0005230121,880793120231391475,거짓말..........,2025-12-29T14:48:36+0900
20251230_002213,https://n.news.naver.com/mnews/article/015/0005230121,880793024920027188,퍽이나,2025-12-29T14:47:07+0900
20251230_002213,https://n.news.naver.com/mnews/article/015/0005230121,880793014165832097,찢이 다 없엔다 ㅋㅋ,2025-12-29T14:46:57+0900
20251230_002213,https://n.news.naver.com/mnews/article/015/0005230121,880792734623858939,받을때되면 헛소리하겠지??,2025-12-29T14:42:37+0900
20251230_002213,https://n.news.naver.com/mnews/article/015/0005230121,880792723668336837,"안내고 안받고싶다………………. 뭔놈의
세금은 잔뜩 뜯어가고 12월에 내 세금으로 도로 공사하는거 보면 속터짐 ㅋㅋㅋㅋㅋ",2025-12-29T14:42:27+0900
20251230_002213,https://n.news.naver.com/mnews/article/015/0005230121,880792719188820121,"7700원 냈는데, 9만원 더받는다는건 누가봐도 계산이 좀 이상한거같은데 ㅋㅋㅋㅋㅋㅋㅋㅋ",2025-12-29T14:42:22+0900
20251230_002213,https://n.news.naver.com/mnews/article/015/0005230121,880792702227054646,찢죄밍 되고 다 오르는구나,2025-12-29T14:42:07+0900
20251230_002213,https://n.news.naver.com/mnews/article/055/0001319961,880824349156704331,월 7천 7백원이면 연으로 환산하면 거진 10만으ㅓㄴ 더 느는거고 월 세전 5백정도면 10만 이상이라는건데 ㅋㅋㅋㅋㅋ그냥 돈이 녹네,2025-12-29T22:53:20+0900
20251230_002213,https://n.news.naver.com/mnews/article/055/0001319961,880818383967224014,이거 여태낸거 돌려줘라 먹고살기 힘들다  60이후가 문제가 아니라 지금이 힘들다. 세금이 80~100 이 말이되냐.,2025-12-29T21:20:45+0900
20251230_002213,https://n.news.naver.com/mnews/article/055/0001319961,880811680546685133,ㅈㄴ 아깝네 그냥 빨리들 가라ㅡㅡ,2025-12-29T19:36:42+0900
20251230_002213,https://n.news.naver.com/mnews/article/055/0001319961,880811563190059275,노땅들 받을때 되어서야 올리는거봐라,2025-12-29T19:34:52+0900
20251230_002213,https://n.news.naver.com/mnews/article/055/0001319961,880811217277419672,저거 올려서 모이면 정치인들이 전부 쳐먹는건대ㅋㅋ,2025-12-29T19:29:30+0900
20251230_002213,https://n.news.naver.com/mnews/article/055/0001319961,880811014524764249,개쉬렉이네 증말,2025-12-29T19:26:21+0900
20251230_002213,https://n.news.naver.com/mnews/article/055/0001319961,880810569811099771,"국민연금, 건강보험금 개많이 오름. 제발 그냥 줘라....",2025-12-29T19:19:27+0900
20251230_002213,https://n.news.naver.com/mnews/article/055/0001319961,880810538471260433,내돈 돌려줘라,2025-12-29T19:18:58+0900
20251230_002213,https://n.news.naver.com/mnews/article/055/0001319961,880810438395166838,ㅋㅋㅋ 나이먹고 돌려받을순있냐?진짜 강제 강압적이더라 미납하면 독촉하고,2025-12-29T19:17:25+0900
20251230_002213,https://n.news.naver.com/mnews/article/055/0001319961,880809739842224298,"아...7,700원??? 이제는 연금도 빚내서 내야되는 시대가 도래해 버렸네",2025-12-29T19:06:34+0900
20251230_002213,https://n.news.naver.com/mnews/article/055/0001319961,880806335711543540,날강도들,2025-12-29T18:13:44+0900
20251230_002213,https://n.news.naver.com/mnews/article/055/0001319961,880805377648623914,1찍들만 올려라,2025-12-29T17:58:52+0900
20251230_002213,https://n.news.naver.com/mnews/article/055/0001319961,880805331863601190,건보공단 6000억원 해쳐먹은건 왜 조몸하냐~~,2025-12-29T17:58:09+0900
20251230_002213,https://n.news.naver.com/mnews/article/055/0001319961,880804781201817833,"날도둑놈들아. 나보다 급여 많은 직원들도 있는데 순이익이아니라 매출로 세금 때리고 그럼 죽자는 거냐?4대보험 들어주니 나는 돈이 없다. 강탈자들아. 내가 단명하겠다
자영업자는 웁니다",2025-12-29T17:49:36+0900
20251230_002213,https://n.news.naver.com/mnews/article/055/0001319961,880804170611818554,세금 뜯어가 보험 뜯어가 난리 발광이네. 공무원 월급은 쭉쭉 오르고 수당도 따박따박. 중소기업을 전부 폐쇄하지 그래? 나쁜 기업이자나. 대기업 공기업 공무원민 남기면 되겠네. 니들끼리 행복하게 세금내고 보험내고 살아,2025-12-29T17:40:07+0900
20251230_002213,https://n.news.naver.com/mnews/article/055/0001319961,880803418891878582,진짜 OOO이다,2025-12-29T17:28:27+0900
20251230_002213,https://n.news.naver.com/mnews/article/055/0001319961,880802975738495151,죄명없어야돼는데 나 짜증안다,2025-12-29T17:21:35+0900
20251230_002213,https://n.news.naver.com/mnews/article/055/0001319961,880801451058659651,가입하고 싶은사람만 가입하게 해주세요..쓰레기같은 국민연금 싫어요..,2025-12-29T16:57:55+0900
20251230_002213,https://n.news.naver.com/mnews/article/055/0001319961,880798842537115807,고소득자의 개인연금과 국민연금의 보험료율을 대폭 올려 기금 가뭄에 대비하고 국민들에게 해택을 늘려야 한다,2025-12-29T16:17:25+0900
20251230_002213,https://n.news.naver.com/mnews/article/055/0001319961,880797533259956258,ㄱ양아치새ㄲ들진짜... 월급에 거의 10% 로 평생떼가는 것도 모자라서 그돈 그대로 주는것도 아니고 최근에 한번 올려놓고 또올려? 진짜 열받아서 쓰러진다..,2025-12-29T15:57:06+0900
20251230_002213,https://n.news.naver.com/mnews/article/055/0001319961,880795990041296966,국민연금으로 환율 막고잇더만 나라가 정말 최악으로 잡혀가네 이게 다 좌파들때문,2025-12-29T15:33:09+0900
20251230_002213,https://n.news.naver.com/mnews/article/055/0001319961,880795174366609619,"선택해서 가입, 탈퇴하게 해줘라",2025-12-29T15:20:29+0900
20251230_002213,https://n.news.naver.com/mnews/article/055/0001319961,880795040333430936,OOO 매년 올리네 매년 올라 아오!!!!!!!!!!!짜증나,2025-12-29T15:18:24+0900
20251230_002213,https://n.news.naver.com/mnews/article/055/0001319961,880794220514771273,이런 ㅅ…,2025-12-29T15:05:41+0900
20251230_002213,https://n.news.naver.com/mnews/article/055/0001319961,880794195483164794,얼마전 수당챙겼던데 직원들,2025-12-29T15:05:17+0900
20251230_002213,https://n.news.naver.com/mnews/article/055/0001319961,880793560952078519,"다 처올리는건 예정된 수순아닌가
이런건 조용하지?",2025-12-29T14:55:26+0900
20251230_002213,https://n.news.naver.com/mnews/article/055/0001319961,880792938232152425,점점 벼랑끝으로 . .미는구나 ㅋㅋㅋㅋ,2025-12-29T14:45:46+0900
20251230_002213,https://n.news.naver.com/mnews/article/055/0001319961,880792778479501435,진짜 서민서민 떠들지 마라..,2025-12-29T14:43:18+0900
20251230_002213,https://n.news.naver.com/mnews/article/055/0001319961,880790638612709401,회사 다니는 사람들은 회사가 절반을 내주지만 자영업자들은 다 자기가 내는데 회사원들보다 적게 버는 소상공인들도 많단 말이죠!! 건강보험도 그렇고.. 세금으로 다 나가서 남는게 없는 그런 자영업자들도 있어요!!,2025-12-29T14:10:05+0900
20251230_002213,https://n.news.naver.com/mnews/article/055/0001319961,880788606069768388,"해마다 올르는거 이제는놀랍지도 않음 
가입금액올리구 정년연장핌계도  수급시기는 늦출라하것지",2025-12-29T13:38:32+0900
20251230_002213,https://n.news.naver.com/mnews/article/055/0001319961,880787481878855719,30년 안 되어 고갈 확정,2025-12-29T13:21:05+0900
20251230_002213,https://n.news.naver.com/mnews/article/055/0001319961,880786740309131462,내는 기간과 액수은 계속 확장인데 언제 받을 수 있는거냐 ㅋㅋㅋ,2025-12-29T13:09:34+0900
